,TEAM_ID,TEAM_NAME,MIN,FGA,FG_PCT,FG3A,FTA,FT_PCT,OREB,DREB,AST,TOV,STL,BLK,BLKA,PF,PFD,PTS,PLUS_MINUS,3P%,2P%,3P_ratio,2P_ratio,WinRate
0,1610612737,Atlanta Hawks,3256.0,6067,0.449,2416,1566,0.79,661,2237,1605,1086.0,523,341,428,1548,1404,7488,-534.0,0.3331953642384106,0.5253355245138318,0.39821987802867975,0.6017801219713202,0.29850746268656714
1,1610612738,Boston Celtics,3486.0,6448,0.461,2487,1668,0.801,768,2549,1655,995.0,595,406,396,1553,1487,8183,454.0,0.36389223964616,0.5215854582176218,0.3857009925558313,0.6142990074441688,0.6666666666666666
2,1610612751,Brooklyn Nets,3496.0,6498,0.448,2746,1732,0.745,766,2683,1761,1099.0,464,323,379,1510,1521,8048,-41.0,0.342680262199563,0.5242537313432836,0.422591566635888,0.5774084333641121,0.4861111111111111
3,1610612766,Charlotte Hornets,3150.0,5586,0.434,2231,1406,0.748,715,2066,1549,949.0,428,268,328,1223,1337,6687,-439.0,0.3518601523980278,0.488822652757079,0.399391335481561,0.600608664518439,0.35384615384615387
4,1610612741,Chicago Bulls,3135.0,5762,0.447,2282,1332,0.755,680,2041,1510,1005.0,652,265,384,1417,1246,6945,-200.0,0.34750219106047325,0.5114942528735632,0.396043040610899,0.603956959389101,0.3384615384615385
5,1610612739,Cleveland Cavaliers,3145.0,5715,0.458,2070,1296,0.758,704,2172,1500,1073.0,447,211,412,1188,1277,6948,-513.0,0.351207729468599,0.5190672153635116,0.36220472440944884,0.6377952755905512,0.2923076923076923
6,1610612742,Dallas Mavericks,3635.0,6772,0.461,3095,1787,0.779,791,2729,1849,953.0,460,363,311,1462,1601,8776,371.0,0.36704361873990304,0.5406581452270873,0.45702894270525696,0.542971057294743,0.5733333333333334
7,1610612743,Denver Nuggets,3549.0,6488,0.473,2234,1526,0.777,786,2436,1952,1005.0,586,337,324,1485,1494,8124,154.0,0.3585496866606983,0.5331452750352609,0.34432799013563503,0.655672009864365,0.6301369863013698
8,1610612765,Detroit Pistons,3193.0,5658,0.459,2157,1476,0.743,644,2109,1589,1008.0,490,299,369,1299,1308,7078,-235.0,0.3667130273528048,0.5152813481862325,0.3812301166489926,0.6187698833510075,0.30303030303030304
9,1610612744,Golden State Warriors,3145.0,5730,0.438,2032,1511,0.803,647,2138,1663,969.0,534,299,321,1304,1308,6912,-566.0,0.33366141732283466,0.49540292049756623,0.35462478184991275,0.6453752181500872,0.23076923076923078
10,1610612745,Houston Rockets,3476.0,6512,0.451,3261,1876,0.791,704,2484,1557,1057.0,627,371,354,1566,1515,8482,213.0,0.3452928549524686,0.556751768686558,0.5007678132678133,0.4992321867321867,0.6111111111111112
11,1610612754,Indiana Pacers,3524.0,6457,0.476,2046,1393,0.787,636,2489,1888,967.0,543,376,335,1445,1373,7989,143.0,0.36314760508308896,0.5286783042394015,0.31686541737649065,0.6831345826235093,0.6164383561643836
12,1610612746,LA Clippers,3476.0,6425,0.466,2410,1894,0.791,767,2664,1708,1051.0,511,338,338,1594,1647,8377,464.0,0.37136929460580914,0.5222914072229141,0.37509727626459144,0.6249027237354086,0.6805555555555556
13,1610612747,Los Angeles Lakers,3418.0,6269,0.48,2242,1728,0.729,757,2490,1803,1077.0,612,468,263,1471,1544,8054,411.0,0.3487957181088314,0.5522721629004221,0.35763279629925027,0.6423672037007497,0.7323943661971831
14,1610612763,Memphis Grizzlies,3514.0,6634,0.468,2297,1589,0.763,754,2643,1965,1113.0,576,398,386,1546,1474,8222,-78.0,0.347409664780148,0.5321650910767812,0.34624660838106724,0.6537533916189328,0.4657534246575342
15,1610612748,Miami Heat,3549.0,6160,0.468,2584,1840,0.783,620,2619,1892,1088.0,547,332,302,1501,1584,8179,215.0,0.37886996904024767,0.531599552572707,0.41948051948051945,0.5805194805194805,0.6027397260273972
16,1610612749,Milwaukee Bucks,3519.0,6638,0.476,2840,1800,0.742,691,3083,1889,1102.0,526,429,326,1431,1586,8663,736.0,0.3545774647887324,0.5668773038441285,0.4278397107562519,0.5721602892437481,0.7671232876712328
17,1610612750,Minnesota Timberwolves,3112.0,5865,0.441,2540,1624,0.753,675,2193,1525,981.0,555,362,355,1370,1383,7248,-275.0,0.3358267716535433,0.521203007518797,0.43307757885763,0.56692242114237,0.296875
18,1610612740,New Orleans Pelicans,3486.0,6598,0.465,2656,1687,0.729,797,2551,1932,1181.0,539,358,348,1524,1519,8341,-93.0,0.3697289156626506,0.5284119736174531,0.40254622612913005,0.59745377387087,0.4166666666666667
19,1610612752,New York Knicks,3193.0,5896,0.447,1872,1550,0.694,795,2274,1456,946.0,504,313,333,1464,1305,6983,-426.0,0.3370726495726496,0.49875745526838966,0.3175033921302578,0.6824966078697422,0.3181818181818182
20,1610612760,Oklahoma City Thunder,3486.0,6156,0.468,2171,1787,0.796,593,2495,1562,986.0,550,353,290,1390,1641,7950,143.0,0.3546752648549056,0.5292346298619824,0.3526640675763483,0.6473359324236517,0.6111111111111112
21,1610612753,Orlando Magic,3514.0,6468,0.444,2354,1656,0.774,751,2498,1747,937.0,599,396,338,1336,1420,7831,-74.0,0.34282073067119795,0.5017015070491007,0.36394557823129253,0.6360544217687075,0.4520547945205479
22,1610612755,Philadelphia 76ers,3519.0,6417,0.468,2307,1638,0.755,764,2553,1884,1037.0,586,389,294,1529,1493,8084,174.0,0.36757693974859124,0.5236009732360097,0.3595137914913511,0.6404862085086489,0.589041095890411
23,1610612756,Phoenix Suns,3519.0,6429,0.468,2320,1740,0.834,712,2465,1987,1077.0,559,290,401,1609,1653,8294,16.0,0.3581896551724138,0.5293258700413725,0.36086483123347335,0.6391351687665267,0.4657534246575342
24,1610612757,Portland Trail Blazers,3567.0,6749,0.463,2525,1632,0.804,754,2599,1525,946.0,465,451,364,1606,1488,8508,-85.0,0.37702970297029703,0.5137310606060606,0.3741295006667654,0.6258704993332346,0.47297297297297297
25,1610612758,Sacramento Kings,3491.0,6364,0.462,2511,1464,0.77,695,2372,1713,1043.0,556,293,304,1595,1404,7927,-147.0,0.3639984070091597,0.5266026472878277,0.39456316781898176,0.6054368321810182,0.4305555555555556
26,1610612759,San Antonio Spurs,3443.0,6350,0.472,2021,1664,0.81,640,2530,1751,895.0,518,390,308,1377,1424,8098,-79.0,0.376051459673429,0.5162855162855163,0.31826771653543307,0.6817322834645669,0.4507042253521127
27,1610612761,Toronto Raptors,3476.0,6331,0.458,2663,1670,0.796,685,2583,1816,1067.0,636,358,395,1559,1466,8118,449.0,0.37363875328576795,0.5185387131952017,0.4206286526615069,0.5793713473384932,0.7361111111111112
28,1610612762,Utah Jazz,3471.0,6130,0.471,2537,1641,0.779,656,2577,1615,1089.0,438,292,329,1468,1501,8013,178.0,0.3795821836815136,0.5352073476203729,0.4138662316476346,0.5861337683523654,0.6111111111111112
29,1610612764,Washington Wizards,3471.0,6544,0.457,2345,1770,0.788,732,2295,1801,1020.0,574,309,363,1634,1601,8238,-336.0,0.36844349680170574,0.5063110264348655,0.35834352078239606,0.6416564792176039,0.3472222222222222
30,1610612737,Atlanta Hawks,3481.0,6281,0.468,2402,1745,0.812,760,2525,1737,953.0,503,342,363,1392,1422,8186,167.0,0.3726061615320566,0.5264243361691158,0.38242318102213024,0.6175768189778698,0.5694444444444444
31,1610612738,Boston Celtics,3476.0,6401,0.466,2618,1496,0.775,765,2421,1689,1012.0,556,383,334,1471,1389,8109,105.0,0.3739495798319328,0.5302669838752313,0.40899859396969224,0.5910014060303078,0.5
32,1610612751,Brooklyn Nets,3481.0,6289,0.494,2600,1623,0.804,640,2559,1929,975.0,484,379,330,1371,1361,8537,324.0,0.3923076923076923,0.5654648956356736,0.413420257592622,0.586579742407378,0.6666666666666666
33,1610612766,Charlotte Hornets,3471.0,6324,0.455,2666,1505,0.761,762,2389,1933,1069.0,565,344,347,1298,1340,7881,-139.0,0.36946736684171044,0.5166757791142701,0.4215686274509804,0.5784313725490197,0.4583333333333333
34,1610612741,Chicago Bulls,3476.0,6380,0.476,2446,1258,0.791,693,2544,1927,1089.0,482,304,364,1362,1277,7969,-64.0,0.3695829926410466,0.541687849517031,0.3833855799373041,0.616614420062696,0.4305555555555556
35,1610612739,Cleveland Cavaliers,3486.0,6175,0.45,2141,1614,0.743,751,2327,1716,1114.0,559,325,425,1308,1451,7476,-608.0,0.33629145259224663,0.5101636093207734,0.3467206477732794,0.6532793522267206,0.3055555555555556
36,1610612742,Dallas Mavericks,3461.0,6287,0.47,2744,1524,0.778,657,2463,1647,869.0,450,311,264,1396,1446,8096,163.0,0.3622448979591837,0.5543324865932825,0.43645617941784637,0.5635438205821537,0.5833333333333334
37,1610612743,Denver Nuggets,3496.0,6422,0.485,2462,1406,0.803,758,2442,1933,972.0,582,323,325,1374,1379,8284,355.0,0.3765231519090171,0.5522727272727272,0.3833696667704765,0.6166303332295235,0.6527777777777778
38,1610612765,Detroit Pistons,3486.0,6162,0.452,2370,1683,0.759,694,2381,1743,1075.0,531,371,419,1477,1469,7676,-322.0,0.3510548523206751,0.5145042194092827,0.38461538461538464,0.6153846153846154,0.2777777777777778
39,1610612744,Golden State Warriors,3461.0,6347,0.468,2789,1520,0.785,574,2524,1991,1080.0,587,342,312,1526,1406,8187,76.0,0.37576192183578344,0.5410342889263631,0.43942019851898534,0.5605798014810146,0.5416666666666666
40,1610612745,Houston Rockets,3461.0,6372,0.444,2923,1606,0.74,671,2396,1699,1060.0,546,361,378,1407,1388,7833,-569.0,0.3393773520355799,0.5317483328501015,0.45872567482736976,0.5412743251726303,0.2361111111111111
41,1610612754,Indiana Pacers,3491.0,6567,0.474,2445,1493,0.792,648,2424,1973,975.0,611,460,380,1453,1306,8302,-3.0,0.36359918200408997,0.5400291120815138,0.37231612608497033,0.6276838739150297,0.4722222222222222
42,1610612746,LA Clippers,3456.0,6242,0.482,2498,1387,0.839,678,2501,1756,949.0,509,295,304,1383,1303,8209,445.0,0.411128903122498,0.5293803418803419,0.40019224607497594,0.5998077539250241,0.6527777777777778
43,1610612747,Los Angeles Lakers,3491.0,6197,0.472,2248,1679,0.739,695,2490,1775,1095.0,562,386,327,1377,1530,7887,201.0,0.3540925266903915,0.5391238288174222,0.3627561723414555,0.6372438276585445,0.5833333333333334
44,1610612763,Memphis Grizzlies,3481.0,6608,0.467,2258,1536,0.771,803,2543,1938,957.0,655,364,377,1349,1318,8157,74.0,0.35562444641275465,0.5245977011494253,0.34170702179176754,0.6582929782082324,0.5277777777777778
45,1610612748,Miami Heat,3476.0,6029,0.468,2606,1520,0.79,579,2409,1895,1013.0,569,286,287,1363,1414,7781,2.0,0.35763622409823487,0.5527315220566754,0.432244153259247,0.5677558467407531,0.5555555555555556
46,1610612749,Milwaukee Bucks,3466.0,6610,0.487,2669,1539,0.76,741,2724,1834,995.0,585,334,348,1244,1320,8649,424.0,0.3889097040089921,0.5539203247906622,0.4037821482602118,0.5962178517397883,0.6388888888888888
47,1610612750,Minnesota Timberwolves,3481.0,6546,0.448,2706,1662,0.761,757,2376,1846,1027.0,632,398,398,1507,1432,8073,-400.0,0.34885439763488546,0.5177083333333333,0.41338221814848763,0.5866177818515124,0.3194444444444444
48,1610612740,New Orleans Pelicans,3486.0,6412,0.477,2190,1878,0.729,845,2568,1872,1052.0,545,315,426,1295,1534,8251,-21.0,0.34794520547945207,0.5442918048318333,0.3415470991890206,0.6584529008109794,0.4305555555555556
49,1610612752,New York Knicks,3486.0,6225,0.456,2163,1506,0.784,696,2554,1541,932.0,507,365,391,1473,1286,7706,166.0,0.39158576051779936,0.49039881831610044,0.3474698795180723,0.6525301204819277,0.5694444444444444
50,1610612760,Oklahoma City Thunder,3471.0,6338,0.441,2529,1536,0.725,715,2568,1588,1162.0,504,316,378,1305,1336,7560,-766.0,0.3388691182285488,0.5087949593069047,0.39902177343010414,0.6009782265698959,0.3055555555555556
51,1610612753,Orlando Magic,3466.0,6423,0.429,2288,1543,0.775,747,2525,1571,924.0,496,318,385,1237,1342,7488,-670.0,0.34265734265734266,0.47642079806529625,0.35621983496808346,0.6437801650319166,0.2916666666666667
52,1610612755,Philadelphia 76ers,3486.0,6257,0.476,2169,1836,0.767,722,2522,1706,1040.0,655,447,335,1456,1509,8182,402.0,0.3739050253573075,0.5308219178082192,0.34665175003995524,0.6533482499600447,0.6805555555555556
53,1610612756,Phoenix Suns,3496.0,6357,0.49,2490,1347,0.834,630,2462,1939,902.0,517,312,258,1374,1294,8300,419.0,0.37751004016064255,0.5632273079906904,0.39169419537517697,0.608305804624823,0.7083333333333334
54,1610612757,Portland Trail Blazers,3461.0,6558,0.453,2939,1558,0.823,766,2441,1531,799.0,496,363,333,1362,1374,8360,129.0,0.3851650221163661,0.5087040618955513,0.4481549252820982,0.5518450747179018,0.5833333333333334
55,1610612758,Sacramento Kings,3461.0,6382,0.481,2400,1585,0.745,674,2307,1836,963.0,543,358,336,1400,1348,8189,-265.0,0.3641666666666667,0.5507282772476143,0.3760576621748668,0.6239423378251332,0.4305555555555556
56,1610612759,San Antonio Spurs,3496.0,6518,0.462,2046,1584,0.792,669,2489,1759,821.0,505,366,369,1293,1338,7998,-125.0,0.34995112414467255,0.5138640429338104,0.31389996931574105,0.686100030684259,0.4583333333333333
57,1610612761,Toronto Raptors,3461.0,6383,0.448,2831,1536,0.815,680,2314,1735,952.0,618,388,402,1526,1405,8011,-34.0,0.3677145884846344,0.5118243243243243,0.44352185492715024,0.5564781450728498,0.375
58,1610612762,Utah Jazz,3471.0,6344,0.468,3098,1546,0.799,765,2709,1703,1023.0,474,371,282,1335,1365,8382,666.0,0.38896061975468044,0.5440542205791744,0.48833543505674654,0.5116645649432535,0.7222222222222222
59,1610612764,Washington Wizards,3481.0,6547,0.475,2088,1884,0.769,697,2557,1835,1036.0,528,297,348,1555,1586,8398,-132.0,0.3510536398467433,0.532630634671451,0.31892469833511533,0.6810753016648847,0.4722222222222222
60,1610612737,Atlanta Hawks,3941.0,7241,0.47,2821,1829,0.812,823,2783,2017,972.0,587,348,367,1534,1668,9343,128.0,0.3743353420772776,0.5305429864253394,0.3895870736086176,0.6104129263913824,0.524390243902439
61,1610612738,Boston Celtics,3981.0,7167,0.466,3044,1713,0.816,863,2915,2036,1118.0,591,478,376,1521,1592,9164,597.0,0.3564388961892247,0.5471743875818579,0.42472443142179434,0.5752755685782056,0.6219512195121951
62,1610612751,Brooklyn Nets,3951.0,7251,0.475,2602,1781,0.805,844,2796,2071,1153.0,582,448,403,1670,1616,9258,64.0,0.361260568793236,0.5381802538180254,0.3588470555785409,0.6411529444214591,0.5365853658536586
63,1610612766,Charlotte Hornets,3976.0,7497,0.468,3130,1753,0.74,888,2767,2302,1087.0,707,402,377,1629,1609,9457,36.0,0.36517571884984024,0.5415617128463476,0.41750033346672,0.58249966653328,0.524390243902439
64,1610612741,Chicago Bulls,3946.0,7127,0.48,2364,1766,0.813,711,2760,1958,1053.0,585,336,410,1540,1489,9152,-32.0,0.3688663282571912,0.5353768633214361,0.33169636593236984,0.6683036340676302,0.5609756097560976
65,1610612739,Cleveland Cavaliers,3946.0,6940,0.469,2686,1810,0.76,837,2786,2064,1181.0,580,343,380,1433,1638,8839,174.0,0.35480268056589725,0.5411377527033381,0.38703170028818445,0.6129682997118155,0.5365853658536586
66,1610612742,Dallas Mavericks,3951.0,6982,0.461,3063,1739,0.771,759,2769,1918,1025.0,552,325,300,1612,1645,8858,271.0,0.35031015344433564,0.5483541719826487,0.43869951303351473,0.5613004869664853,0.6341463414634146
67,1610612743,Denver Nuggets,3961.0,7079,0.483,2944,1725,0.795,752,2865,2279,1189.0,592,305,392,1639,1632,9243,189.0,0.3529211956521739,0.5748488512696494,0.41587794886283375,0.5841220511371663,0.5853658536585366
68,1610612765,Detroit Pistons,3956.0,7267,0.431,2838,1806,0.782,900,2625,1924,1163.0,630,393,427,1799,1625,8596,-633.0,0.3259337561663143,0.4976292616843531,0.3905325443786982,0.6094674556213018,0.2804878048780488
69,1610612744,Golden State Warriors,3946.0,7087,0.469,3231,1665,0.769,800,2930,2223,1221.0,719,372,317,1723,1474,9102,454.0,0.36397400185701023,0.5567946058091287,0.45590517849583745,0.5440948215041626,0.6463414634146342
70,1610612745,Houston Rockets,3951.0,7083,0.456,3170,2010,0.713,786,2660,1932,1351.0,600,382,474,1692,1812,8997,-695.0,0.34858044164037855,0.5428060311781242,0.4475504729634336,0.5524495270365665,0.24390243902439024
71,1610612754,Indiana Pacers,3976.0,7338,0.463,2899,1754,0.768,925,2671,2081,1183.0,582,457,401,1675,1575,9140,-285.0,0.3439116936874784,0.5408875872944356,0.3950667756881984,0.6049332243118016,0.3048780487804878
72,1610612746,LA Clippers,3956.0,7170,0.458,2802,1606,0.793,747,2860,1969,1126.0,608,406,339,1528,1515,8890,2.0,0.37366167023554603,0.5123626373626373,0.3907949790794979,0.6092050209205021,0.5121951219512195
73,1610612747,Los Angeles Lakers,3996.0,7279,0.469,2826,1884,0.732,782,2826,1968,1191.0,626,425,338,1654,1647,9192,-250.0,0.3474876150035386,0.5463732315293061,0.3882401428767688,0.6117598571232312,0.4024390243902439
74,1610612763,Memphis Grizzlies,3956.0,7739,0.461,2679,1898,0.734,1159,2873,2131,1082.0,800,533,496,1620,1625,9480,466.0,0.3527435610302352,0.5189723320158103,0.34616875565318517,0.6538312443468148,0.6829268292682927
75,1610612748,Miami Heat,3971.0,6954,0.467,2936,1753,0.808,807,2778,2090,1194.0,606,265,330,1679,1686,9022,365.0,0.37942779291553136,0.5306122448979592,0.42220304860511937,0.5777969513948806,0.6463414634146342
76,1610612749,Milwaukee Bucks,3951.0,7331,0.468,3151,1881,0.776,840,2990,1960,1100.0,623,326,357,1494,1612,9470,275.0,0.365915582354808,0.5444976076555024,0.42981857863865774,0.5701814213613422,0.6219512195121951
77,1610612750,Minnesota Timberwolves,3956.0,7458,0.457,3386,1894,0.778,921,2700,2106,1175.0,721,460,397,1786,1715,9507,216.0,0.35764914353219135,0.5402750491159135,0.4540091177259319,0.5459908822740681,0.5609756097560976
78,1610612740,New Orleans Pelicans,3951.0,7212,0.457,2629,1903,0.789,981,2726,2047,1153.0,680,328,391,1612,1681,8962,-81.0,0.33206542411563333,0.5282566004800349,0.36453133666112036,0.6354686633388796,0.43902439024390244
79,1610612752,New York Knicks,3956.0,7069,0.437,3029,1980,0.744,941,2841,1793,1087.0,570,399,379,1672,1671,8731,-10.0,0.35721360184879497,0.49653465346534653,0.42849059272881596,0.571509407271184,0.45121951219512196
80,1610612760,Oklahoma City Thunder,3961.0,7310,0.43,3066,1632,0.756,854,2887,1822,1145.0,622,380,490,1497,1462,8506,-664.0,0.32322243966079583,0.5065975494816211,0.4194254445964432,0.5805745554035567,0.2926829268292683
81,1610612753,Orlando Magic,3956.0,7240,0.434,3022,1614,0.787,746,2885,1947,1188.0,555,367,428,1612,1501,8547,-656.0,0.33057577763070817,0.5073494547178757,0.41740331491712707,0.5825966850828729,0.2682926829268293
82,1610612755,Philadelphia 76ers,3961.0,6932,0.466,2608,1955,0.821,700,2770,1945,1027.0,633,435,379,1590,1594,9015,214.0,0.3642638036809816,0.5272895467160037,0.3762261973456434,0.6237738026543566,0.6219512195121951
83,1610612756,Phoenix Suns,3946.0,7389,0.485,2616,1635,0.797,801,2913,2244,1060.0,702,359,327,1633,1553,9416,615.0,0.36353211009174313,0.5510161324114813,0.35403978887535525,0.6459602111246447,0.7804878048780488
84,1610612757,Portland Trail Blazers,3946.0,7144,0.442,3017,1771,0.76,854,2661,1880,1187.0,657,366,409,1728,1589,8711,-728.0,0.345707656612529,0.5132057184395444,0.4223124300111982,0.5776875699888018,0.32926829268292684
85,1610612758,Sacramento Kings,3961.0,7223,0.46,2722,1908,0.768,784,2737,1943,1156.0,588,369,395,1552,1665,9045,-448.0,0.34423218221895663,0.5296600755387691,0.3768517236605289,0.6231482763394711,0.36585365853658536
86,1610612759,San Antonio Spurs,3961.0,7601,0.467,2626,1673,0.754,901,2815,2289,1043.0,626,403,403,1483,1553,9279,10.0,0.35224676313785225,0.5268341708542713,0.3454808577818708,0.6545191422181292,0.4146341463414634
87,1610612761,Toronto Raptors,3971.0,7489,0.445,2808,1749,0.759,1095,2622,1809,1021.0,738,376,416,1607,1563,8970,188.0,0.34864672364672367,0.5026703695791498,0.37494992655895315,0.6250500734410469,0.5853658536585366
88,1610612762,Utah Jazz,3946.0,7067,0.471,3308,1916,0.767,884,2916,1836,1148.0,588,402,352,1547,1664,9316,495.0,0.3603385731559855,0.5679702048417132,0.46809112777699163,0.5319088722230083,0.5975609756097561
89,1610612764,Washington Wizards,3966.0,7056,0.472,2512,1778,0.783,737,2798,2052,1077.0,522,406,344,1545,1634,8907,-277.0,0.34235668789808915,0.5429137323943662,0.35600907029478457,0.6439909297052154,0.4268292682926829
90,1610612737,Atlanta Hawks,3971.0,7574,0.483,2505,1850,0.818,920,2719,2049,1060.0,580,401,414,1541,1612,9711,24.0,0.3520958083832335,0.5476425330439929,0.3307367309215738,0.6692632690784261,0.5
91,1610612738,Boston Celtics,3996.0,7278,0.475,3492,1769,0.812,796,2921,2186,1095.0,521,430,318,1542,1568,9671,535.0,0.3765750286368843,0.5665610142630745,0.47980214344600164,0.5201978565539983,0.6951219512195121
92,1610612751,Brooklyn Nets,3946.0,6978,0.487,2771,1811,0.8,674,2648,2093,1127.0,585,506,317,1730,1517,9295,70.0,0.3782028148682786,0.5588305205609698,0.39710518773287473,0.6028948122671253,0.5487804878048781
93,1610612766,Charlotte Hornets,3966.0,7413,0.457,2669,1932,0.749,901,2751,2062,1164.0,634,425,471,1661,1667,9098,-512.0,0.33008617459722744,0.5278246205733558,0.3600431674086065,0.6399568325913935,0.32926829268292684
94,1610612741,Chicago Bulls,3981.0,7116,0.49,2367,1788,0.809,694,2779,2006,1097.0,644,371,389,1551,1537,9276,106.0,0.360794254330376,0.5546430827542641,0.3326306913996627,0.6673693086003373,0.4878048780487805
95,1610612739,Cleveland Cavaliers,3976.0,6984,0.488,2589,1844,0.78,795,2574,2045,1094.0,586,384,360,1560,1675,9205,441.0,0.36693704132869837,0.5592718998862344,0.3707044673539519,0.6292955326460481,0.6219512195121951
96,1610612742,Dallas Mavericks,3986.0,6909,0.475,3362,2057,0.755,625,2556,1880,1002.0,514,304,312,1697,1789,9366,6.0,0.37061273051754906,0.574288130814773,0.48661166594297295,0.5133883340570271,0.4634146341463415
97,1610612743,Denver Nuggets,3951.0,7088,0.504,2559,1834,0.751,828,2699,2368,1192.0,618,368,344,1525,1601,9495,273.0,0.3786635404454865,0.5751821594170898,0.36103273137697517,0.6389672686230248,0.6463414634146342
98,1610612765,Detroit Pistons,3961.0,7140,0.454,2659,2106,0.771,916,2564,1884,1237.0,574,308,453,1813,1718,9045,-674.0,0.3512598721323806,0.5155099308190136,0.3724089635854342,0.6275910364145658,0.2073170731707317
99,1610612744,Golden State Warriors,3966.0,7393,0.479,3540,1655,0.794,864,2793,2446,1336.0,588,324,326,1756,1510,9753,148.0,0.3850282485875706,0.564495198546587,0.47883132693088054,0.5211686730691194,0.5365853658536586
100,1610612745,Houston Rockets,3951.0,7287,0.457,2619,2078,0.754,1100,2695,1835,1332.0,600,374,509,1679,1692,9081,-644.0,0.32684230622374955,0.529777206512425,0.35940716344174556,0.6405928365582544,0.2682926829268293
101,1610612754,Indiana Pacers,3951.0,7345,0.469,3030,1944,0.79,832,2575,2213,1224.0,631,478,438,1741,1660,9535,-261.0,0.366996699669967,0.5404403244495944,0.41252552756977534,0.5874744724302247,0.4268292682926829
102,1610612746,LA Clippers,3966.0,7060,0.477,2734,1962,0.781,803,2742,1959,1167.0,580,364,344,1598,1606,9314,41.0,0.380760790051207,0.5383726306056403,0.38725212464589237,0.6127478753541077,0.5365853658536586
103,1610612747,Los Angeles Lakers,3976.0,7298,0.482,2558,2182,0.775,818,2930,2072,1154.0,526,378,416,1466,1760,9608,47.0,0.34597341673182175,0.5550632911392405,0.35050698821594956,0.6494930117840504,0.524390243902439
104,1610612763,Memphis Grizzlies,3956.0,7551,0.475,2807,1954,0.733,988,2835,2135,1116.0,680,473,427,1643,1644,9587,323.0,0.35090844317776987,0.5480607082630692,0.37173884253741224,0.6282611574625877,0.6219512195121951
105,1610612748,Miami Heat,3961.0,6991,0.46,2852,1885,0.831,796,2533,1955,1106.0,655,243,309,1516,1643,8977,-26.0,0.3436185133239832,0.5399855037448659,0.40795308253468743,0.5920469174653126,0.5365853658536586
106,1610612749,Milwaukee Bucks,3966.0,7411,0.473,3306,1837,0.743,914,3074,2115,1199.0,521,403,323,1481,1557,9589,298.0,0.368118572292801,0.5571254567600488,0.44609364458237755,0.5539063554176225,0.7073170731707317
107,1610612750,Minnesota Timberwolves,3966.0,7167,0.49,2731,1942,0.755,749,2686,2145,1258.0,657,444,336,1768,1654,9494,-3.0,0.36506774075430243,0.5676284941388638,0.3810520440909725,0.6189479559090275,0.5121951219512195
108,1610612740,New Orleans Pelicans,3971.0,7180,0.48,2468,2000,0.793,866,2717,2122,1196.0,681,337,386,1678,1673,9378,155.0,0.3642625607779579,0.5407470288624788,0.34373259052924793,0.6562674094707521,0.5121951219512195
109,1610612752,New York Knicks,3991.0,7328,0.47,2930,2087,0.761,1031,2790,1880,1065.0,527,340,370,1666,1694,9514,240.0,0.3539249146757679,0.547294224647567,0.3998362445414847,0.6001637554585153,0.573170731707317
110,1610612760,Oklahoma City Thunder,3971.0,7590,0.465,2797,1944,0.809,934,2646,2002,1070.0,676,341,454,1722,1675,9633,89.0,0.3557382910260994,0.5295222199040267,0.36851119894598156,0.6314888010540185,0.4878048780487805
111,1610612753,Orlando Magic,3956.0,7074,0.47,2551,2050,0.784,833,2713,1906,1236.0,603,382,415,1652,1681,9136,-210.0,0.3461387691101529,0.5394649568870219,0.36061634153237204,0.6393836584676279,0.4146341463414634
112,1610612755,Philadelphia 76ers,3976.0,6870,0.487,2675,2058,0.835,715,2641,2063,1121.0,635,389,380,1675,1607,9448,354.0,0.38691588785046727,0.5511323003575685,0.3893740902474527,0.6106259097525473,0.6585365853658537
113,1610612756,Phoenix Suns,3956.0,7388,0.467,2674,1781,0.793,971,2657,2235,1110.0,585,432,327,1739,1629,9319,170.0,0.3743455497382199,0.5201527365294867,0.3619382782891175,0.6380617217108825,0.5487804878048781
114,1610612757,Portland Trail Blazers,3946.0,7001,0.474,2893,2021,0.796,774,2551,1981,1185.0,553,376,352,1643,1679,9299,-329.0,0.3650190114068441,0.5503894839337877,0.4132266819025853,0.5867733180974146,0.4024390243902439
115,1610612758,Sacramento Kings,3966.0,7232,0.494,3060,2055,0.79,782,2699,2237,1106.0,574,275,341,1616,1711,9898,217.0,0.3686274509803922,0.5860498561840843,0.4231194690265487,0.5768805309734514,0.5853658536585366
116,1610612759,San Antonio Spurs,3971.0,7593,0.465,2640,1739,0.743,965,2619,2232,1253.0,572,322,431,1630,1516,9269,-823.0,0.3450757575757576,0.5293761356753482,0.34768866060845516,0.6523113393915448,0.2682926829268293
117,1610612761,Toronto Raptors,3961.0,7489,0.459,2626,1922,0.784,1043,2485,1961,956.0,772,424,376,1641,1604,9254,121.0,0.3351104341203351,0.5251902118034135,0.35064761650420617,0.6493523834957938,0.5
118,1610612762,Utah Jazz,3961.0,7365,0.473,3099,1955,0.786,968,2794,2129,1259.0,500,429,405,1679,1679,9600,-77.0,0.35301710229106165,0.560478199718706,0.4207739307535642,0.5792260692464358,0.45121951219512196
119,1610612764,Washington Wizards,3951.0,7127,0.485,2601,1838,0.785,774,2804,2083,1158.0,561,424,406,1539,1590,9279,-99.0,0.3556324490580546,0.5592134334953601,0.36495018942051355,0.6350498105794865,0.4268292682926829
120,1610612737,Atlanta Hawks,3971.0,7584,0.465,3092,1906,0.797,1024,2639,2180,1110.0,615,369,461,1522,1594,9703,-179.0,0.36384217335058217,0.5351736420302761,0.40770042194092826,0.5922995780590717,0.43902439024390244
121,1610612738,Boston Celtics,3966.0,7396,0.487,3482,1654,0.807,876,2923,2207,979.0,557,538,304,1326,1416,9887,930.0,0.3879954049396898,0.5748594787940725,0.4707950243374797,0.5292049756625202,0.7804878048780488
122,1610612751,Brooklyn Nets,3961.0,7307,0.456,3010,1711,0.756,938,2675,2102,1076.0,556,424,409,1516,1496,9050,-237.0,0.3617940199335548,0.5224575285082615,0.4119337621458875,0.5880662378541125,0.3902439024390244
123,1610612766,Charlotte Hornets,3946.0,7133,0.46,2788,1512,0.786,765,2538,2033,1129.0,562,371,396,1472,1432,8740,-840.0,0.3547345767575323,0.5275028768699654,0.3908593859526146,0.6091406140473854,0.25609756097560976
124,1610612741,Chicago Bulls,3996.0,7339,0.47,2630,1731,0.791,916,2677,2048,1004.0,638,394,404,1541,1538,9206,-118.0,0.3577946768060836,0.532384795073264,0.35835944951628285,0.6416405504837172,0.47560975609756095
125,1610612739,Cleveland Cavaliers,3961.0,7147,0.479,3016,1671,0.765,807,2742,2299,1112.0,605,380,410,1436,1536,9236,198.0,0.3673740053050398,0.5608811425804889,0.42199524275919964,0.5780047572408004,0.5853658536585366
126,1610612742,Dallas Mavericks,3941.0,7352,0.481,3242,1842,0.758,797,2724,2106,1027.0,563,406,331,1500,1667,9664,181.0,0.36921653300431834,0.5688564476885645,0.44096844396082696,0.559031556039173,0.6097560975609756
127,1610612743,Denver Nuggets,3941.0,7279,0.496,2560,1628,0.762,881,2762,2415,1036.0,585,456,394,1489,1467,9418,431.0,0.37421875,0.5619834710743802,0.3516966616293447,0.6483033383706553,0.6951219512195121
128,1610612765,Detroit Pistons,3951.0,7236,0.463,2602,1780,0.785,861,2692,2088,1248.0,531,384,490,1688,1457,9010,-747.0,0.3481936971560338,0.5280535174794994,0.35959093421779986,0.6404090657822001,0.17073170731707318
129,1610612744,Golden State Warriors,3966.0,7515,0.477,3191,1644,0.78,996,2834,2402,1174.0,572,377,407,1598,1471,9657,214.0,0.3795048574114698,0.5483348751156337,0.42461743180306055,0.5753825681969394,0.5609756097560976
130,1610612745,Houston Rockets,3971.0,7459,0.459,2964,1916,0.773,940,2787,2035,1045.0,639,375,482,1702,1609,9375,92.0,0.351889338731444,0.5299221357063404,0.39737230191714706,0.6026276980828529,0.5
131,1610612754,Indiana Pacers,3941.0,7599,0.507,2891,1685,0.782,827,2578,2522,1059.0,631,481,440,1756,1501,10110,250.0,0.3742649602213767,0.5889974511469839,0.38044479536781156,0.6195552046321885,0.573170731707317
132,1610612746,LA Clippers,3941.0,7108,0.489,2719,1817,0.825,822,2701,2097,1078.0,640,413,384,1519,1537,9481,269.0,0.38102243471864655,0.5552517657780816,0.3825267304445695,0.6174732695554305,0.6219512195121951
133,1610612747,Los Angeles Lakers,3971.0,7177,0.499,2572,1983,0.782,676,2859,2340,1146.0,605,453,390,1283,1619,9679,49.0,0.37674961119751166,0.5669923995656895,0.3583670057126933,0.6416329942873067,0.573170731707317
134,1610612763,Memphis Grizzlies,3956.0,7229,0.435,3097,1722,0.764,896,2598,2025,1236.0,673,501,535,1563,1539,8677,-574.0,0.3458185340652244,0.5019361084220716,0.42841333517775626,0.5715866648222437,0.32926829268292684
135,1610612748,Miami Heat,3951.0,7022,0.465,2765,1806,0.818,766,2702,2116,1038.0,617,280,388,1415,1550,9032,144.0,0.369620253164557,0.5271317829457365,0.39376246083736827,0.6062375391626317,0.5609756097560976
136,1610612749,Milwaukee Bucks,3961.0,7258,0.487,3122,1960,0.774,772,2850,2176,1059.0,558,413,347,1574,1576,9756,215.0,0.3725176169122357,0.5742263056092843,0.4301460457426288,0.5698539542573712,0.5975609756097561
137,1610612750,Minnesota Timberwolves,3961.0,6974,0.485,2681,1881,0.777,770,2807,2184,1162.0,647,497,371,1544,1630,9264,529.0,0.3867959716523685,0.546470999301188,0.3844278749641526,0.6155721250358475,0.6829268292682927
138,1610612740,New Orleans Pelicans,3941.0,7165,0.486,2673,1873,0.771,852,2753,2210,1067.0,684,378,424,1508,1507,9436,362.0,0.38271604938271603,0.5478628673196795,0.37306350314026515,0.6269364968597348,0.5975609756097561
139,1610612752,New York Knicks,3946.0,7272,0.465,2936,1789,0.78,1039,2665,1998,1085.0,612,336,431,1447,1565,9249,376.0,0.3688692098092643,0.5309040590405905,0.40374037403740376,0.5962596259625963,0.6097560975609756
140,1610612760,Oklahoma City Thunder,3961.0,7324,0.499,2805,1759,0.825,722,2725,2223,1039.0,694,538,419,1545,1548,9847,608.0,0.38859180035650626,0.5671608763000664,0.3829874385581649,0.617012561441835,0.6951219512195121
141,1610612753,Orlando Magic,3956.0,6964,0.476,2568,2002,0.759,861,2608,2023,1206.0,669,423,379,1618,1710,9058,166.0,0.3516355140186916,0.5493630573248408,0.3687535898908673,0.6312464101091326,0.573170731707317
142,1610612755,Philadelphia 76ers,3956.0,7331,0.464,2733,1934,0.826,906,2616,2041,984.0,694,492,503,1668,1519,9397,250.0,0.36297109403585803,0.5245759025663332,0.37280043650252354,0.6271995634974765,0.573170731707317
143,1610612756,Phoenix Suns,3956.0,7063,0.493,2671,1915,0.808,831,2783,2218,1221.0,610,492,372,1475,1612,9532,251.0,0.38187944590041184,0.5605646630236795,0.3781679173155883,0.6218320826844117,0.5975609756097561
144,1610612757,Portland Trail Blazers,3976.0,7356,0.439,2723,1680,0.791,1036,2469,1894,1249.0,627,354,528,1654,1467,8722,-740.0,0.3448402497245685,0.49384847830779194,0.3701740076128331,0.629825992387167,0.25609756097560976
145,1610612758,Sacramento Kings,3971.0,7455,0.477,3219,1710,0.745,888,2719,2324,1078.0,625,342,370,1632,1504,9558,143.0,0.36595215905560735,0.5606704438149197,0.4317907444668008,0.5682092555331992,0.5609756097560976
146,1610612759,San Antonio Spurs,3966.0,7436,0.462,2983,1637,0.782,849,2778,2449,1242.0,584,520,380,1414,1470,9192,-532.0,0.3473013744552464,0.5394116326072311,0.4011565357719204,0.5988434642280797,0.2682926829268293
147,1610612761,Toronto Raptors,3961.0,7356,0.471,2712,1772,0.756,891,2607,2335,1147.0,634,388,474,1509,1487,9213,-528.0,0.3473451327433628,0.5434969853574505,0.36867862969004894,0.6313213703099511,0.3048780487804878
148,1610612762,Utah Jazz,3961.0,7371,0.467,2993,1853,0.83,1002,2725,2232,1285.0,537,458,528,1523,1577,9484,-401.0,0.35415970598062146,0.5443124714481499,0.4060507393840727,0.5939492606159272,0.3780487804878049
149,1610612764,Washington Wizards,3946.0,7493,0.47,2915,1657,0.764,755,2613,2290,1147.0,623,415,496,1637,1473,9327,-762.0,0.3481989708404803,0.5478374836173001,0.3890297611103697,0.6109702388896303,0.18292682926829268
